epoch,train_mse_log,val_mse_log,val_mae,val_rmse,val_mse,model
1,15.603188309471548,10.103657918183064,273.2852154824301,352.6939697265625,124393.03977272728,NeuralNetwork
2,6.967721645262719,3.1119750809934708,243.60778431660103,321.42889404296875,103316.53484533828,NeuralNetwork
3,2.744392975014617,1.906904828379243,212.42444643665192,280.0206298828125,78411.55646381737,NeuralNetwork
4,1.9377842500064777,1.997230540302278,217.76695090507152,287.30224609375,82542.58121089255,NeuralNetwork
5,1.9151511213488408,1.8946412953097655,211.52478689904135,278.7691345214844,77712.22776943685,NeuralNetwork
6,1.9160366449736295,2.0702324993636902,221.07183112117767,291.8275451660156,85163.31587058281,NeuralNetwork
7,1.9156301815030607,1.8876725636911338,210.99190822962743,278.0373229980469,77304.7586103819,NeuralNetwork
8,1.9156117473665795,1.885046603718982,210.7869827510481,277.7534484863281,77146.97794624449,NeuralNetwork
9,1.9156756927581957,2.1049810135369107,222.4550175639373,293.7174377441406,86269.93820273543,NeuralNetwork
10,1.916293410651242,2.113206207409278,222.765301445777,294.1385192871094,86517.45872590621,NeuralNetwork
11,1.915116544084396,1.9847906895144762,217.1229095985755,286.41839599609375,82035.48973504327,NeuralNetwork
12,1.9158896656424431,1.8619210014043295,208.83347864008334,275.05438232421875,75654.91004611982,NeuralNetwork
13,1.9154680830188804,2.0000892557035153,217.9056046591621,287.48773193359375,82649.1843571694,NeuralNetwork
14,1.9154738103123394,2.019590063757214,218.84837324334873,288.7764892578125,83391.85918882756,NeuralNetwork
15,1.915802706145378,1.8977966555974746,211.75693176292944,279.0890197753906,77890.68285805044,NeuralNetwork
16,1.9152338769080166,2.1076507420205135,222.55625119518402,293.85479736328125,86350.64276617041,NeuralNetwork
17,1.9155028868838686,1.9265669672983927,213.74581705495046,281.8069763183594,79415.1648506425,NeuralNetwork
18,1.9151072108789673,1.90109076402084,211.998774216465,279.4212646484375,78076.24694856995,NeuralNetwork
19,1.9136174487322875,1.9285245414981909,213.8713343437028,281.97686767578125,79510.95740584245,NeuralNetwork
20,1.9145133301597341,1.896400236150612,211.654920325592,278.9491271972656,77812.611238972,NeuralNetwork
21,1.915756342786357,1.9401858382450012,214.60561698325347,282.9791259765625,80077.18512957901,NeuralNetwork
22,1.9156308158944284,1.9363382210162667,214.3636846392375,282.64764404296875,79889.68365293561,NeuralNetwork
1,19.48148364244642,3.726894086937727,241.52007719507426,317.66241455078125,100909.40911151168,Taylor
2,16.251123654906074,4.579391625508706,869.3568369020755,1376.03515625,1893472.7569535596,Taylor
3,13.962329553822848,15.199817511714254,13195.471880129575,23537.73828125,554025086.7152723,Taylor
4,12.44518499848679,29.02360670494311,95606.43934589792,185521.609375,34418270702.580124,Taylor
5,11.64348953731551,43.43851783351511,458785.592927395,949008.3125,900616833340.5278,Taylor
6,11.3289260876801,52.809121693419826,1111811.3003010226,2381143.75,5669845711784.526,Taylor
7,11.248109069146887,55.508185646019086,1420310.9157534102,3072638.75,9441109187260.857,Taylor
8,11.209851707101015,56.94891816882919,1618520.604256569,3521536.5,12401220350905.285,Taylor
9,11.209028503348982,59.13825453073072,1962662.866182094,4304662.5,18530120994688.887,Taylor
10,11.191556798211352,59.224337695977404,1985624.8927219685,4360242.0,19011709392554.277,Taylor
11,11.1797264440923,60.95667023653265,2317248.738974246,5124870.5,26264299970658.332,Taylor
1,14.738357054839348,18.825461723816364,279.2919616113918,357.5535888671875,127844.56956781022,Fourier
2,5.643704298029601,13.575394174263401,275.2536400669509,354.2425842285156,125487.80728417482,Fourier
3,2.483195504601287,7.6363816558514515,262.0513474815963,341.1948547363281,116413.93858856564,Fourier
4,1.9955667492983717,5.642379416512218,251.93604920346664,329.6448974609375,108665.75858790636,Fourier
5,1.956800796110543,4.772828330287633,245.4390550619988,321.96319580078125,103660.30276059647,Fourier
6,1.9636566662465011,4.268785442572514,240.84970258998834,316.4695129394531,100152.9539431099,Fourier
7,1.9538875528191324,4.100690927366484,239.9488460188128,315.45709228515625,99513.17894730534,Fourier
8,1.9546450245983062,3.8288829338975825,236.87581010298297,311.70037841796875,97157.1362227896,Fourier
9,1.939773765298206,3.6231818571372374,234.78409363659213,309.19171142578125,95599.52310486192,Fourier
10,1.9431273179734336,3.61175886190939,235.4929419642991,310.1126708984375,96169.86106890703,Fourier
11,1.9541689574889964,3.417913311232906,232.57605995380152,306.4917297363281,93937.18437440065,Fourier
12,1.9432933260764402,3.3142200711590144,231.40304224784686,305.0460510253906,93053.08362401708,Fourier
13,1.9333582156389475,3.2266330720137306,230.12856843785212,303.4461364746094,92079.55256281166,Fourier
14,1.9437513848905255,3.1728117443338224,229.19507369731733,302.24383544921875,91351.33414994486,Fourier
15,1.9306605680068236,3.108237119232232,228.34169471661707,301.1627197265625,90698.97451572689,Fourier
16,1.9428947258573768,3.083639416170614,228.50378525664078,301.4055480957031,90845.3059716029,Fourier
17,1.9346296959338833,3.0099809495800063,227.33609285050989,299.9132995605469,89947.992009194,Fourier
18,1.9357244741754966,2.928538728501086,225.8302273181466,297.9858093261719,88795.53831781022,Fourier
19,1.9385010585292983,2.9095874760267053,225.699201015389,297.8232727050781,88698.69698468066,Fourier
20,1.927467869075786,2.840177773720559,224.01220644594932,295.6370544433594,87401.27543932202,Fourier
21,1.9273423268772474,2.832191656959162,224.47595422040195,296.2589416503906,87769.35203298811,Fourier
22,1.9304532941750818,2.8022828861630917,224.122214764711,295.8139343261719,87505.89077034187,Fourier
23,1.9273946870269965,2.7014478627045033,222.05495707779312,293.1647644042969,85945.58460320171,Fourier
24,1.9276070170867017,2.655437686889621,220.82086131304766,291.55859375,85006.41748702411,Fourier
25,1.9296634957175955,2.6286486687448045,220.89417000241238,291.6891174316406,85082.54545454546,Fourier
26,1.9271732843319085,2.6312584786018194,220.88773860133924,291.66900634765625,85070.80803186134,Fourier
27,1.928791109456283,2.585880099149513,219.479912035393,289.80828857421875,83988.84000407557,Fourier
28,1.926564543941998,2.509557021638192,218.0062401013947,287.89373779296875,82882.80261150868,Fourier
29,1.9222273773388563,2.4842265492593096,217.52069702850798,287.25091552734375,82513.08722534882,Fourier
30,1.9192490299199767,2.464225992611829,216.3737444012477,285.6706237792969,81607.71216766158,Fourier
31,1.9204518710150917,2.4519262625698297,217.11445215574204,286.7151184082031,82205.55759808328,Fourier
32,1.9203533010525906,2.4256772798599298,216.6643751559241,286.119873046875,81864.58419864188,Fourier
33,1.915043360203125,2.3983041976986144,215.48070289368917,284.5046691894531,80942.89614049914,Fourier
34,1.9102990402491358,2.432052249681186,216.99016478274763,286.5471496582031,82109.271018382,Fourier
35,1.9227602616779313,2.3652816786819093,214.79618590208227,283.57818603515625,80416.58743811733,Fourier
36,1.907256490420864,2.3232117734697986,213.08977027135103,281.19989013671875,79073.37427403984,Fourier
37,1.921052437685078,2.2939251153106475,211.81589782270015,279.37060546875,78047.9351449373,Fourier
38,1.9120732462411059,2.27347726877,211.46351254210418,278.888916015625,77779.03301994929,Fourier
39,1.9095941765730733,2.2759982650198607,211.39747992465448,278.7636413574219,77709.16387408,Fourier
40,1.9165657273742136,2.273121954073703,212.54736422943714,280.50262451171875,78681.7195284031,Fourier
41,1.895218866605402,2.2498390005496347,211.12946267195667,278.42999267578125,77523.26935893748,Fourier
42,1.9045050301034412,2.208264531745598,209.720865311822,276.40301513671875,76398.63529941923,Fourier
43,1.9141971382691054,2.1908246047900564,208.47839411657617,274.4898376464844,75344.66599502241,Fourier
44,1.9033254642619843,2.1951124926305248,209.55072064796627,276.1744384765625,76272.30915488947,Fourier
45,1.907269147634996,2.1650072949162196,207.73792464969986,273.4284973144531,74763.14849930775,Fourier
46,1.9030183736453858,2.16647466659363,208.54575536659863,274.7206115722656,75471.40877737521,Fourier
47,1.9101304884756538,2.1505027799015077,207.40749821225756,272.9572448730469,74505.66550168417,Fourier
48,1.8994122117476064,2.1347850441966973,206.6787637491815,271.86474609375,73910.44324887023,Fourier
49,1.9118427162742693,2.1302552311629412,206.39104648088193,271.4197998046875,73668.70057514924,Fourier
50,1.9030360605507979,2.1397795853861274,207.49075542138277,273.1381530761719,74604.44758215561,Fourier
51,1.8979444683602549,2.106601397716592,205.44279055637466,270.0335388183594,72918.11349626606,Fourier
52,1.8971912612358435,2.0904363950562286,204.86845034477489,269.2235412597656,72481.32244767692,Fourier
53,1.9132388031536594,2.086411225044686,204.08240086153452,267.9552001953125,71799.98591794628,Fourier
54,1.8969631703165495,2.0675379948159676,203.1412018840689,266.5806884765625,71065.25748885213,Fourier
55,1.8991260741406686,2.073964570570733,203.4003012554372,266.92987060546875,71251.55323408132,Fourier
56,1.902748961562342,2.0550801647054677,202.9280124572122,266.3431396484375,70938.67417649597,Fourier
57,1.8989000471050828,2.0541999508331323,202.7911053223312,266.1165771484375,70818.03507271588,Fourier
58,1.8984626432137386,2.0458184180700507,202.0318738661555,264.9303894042969,70188.11276393784,Fourier
59,1.9030567626329886,2.036785965644632,201.7266920153373,264.52447509765625,69973.19532074104,Fourier
60,1.9028589502068836,2.0312217045868315,201.98017786726166,264.985107421875,70217.10932330624,Fourier
61,1.9015914286843945,2.0300110664217237,201.7188011026035,264.5580749511719,69990.97345038598,Fourier
62,1.900408892767742,2.0159531991041435,201.22708040917107,263.8948974609375,69640.51860787963,Fourier
63,1.8955876939834708,2.011928124192532,200.43465952403162,262.6229553222656,68970.82140556075,Fourier
64,1.9057636948852836,2.009238202532087,200.29514736794494,262.4103698730469,68859.20664654356,Fourier
65,1.8976511058129257,1.9955116984747725,199.12693602251375,260.62127685546875,67923.45111306399,Fourier
66,1.9038438743002564,1.999433673566724,198.44879958105582,259.3519287109375,67263.4258801424,Fourier
67,1.8931139083296686,1.9963203096268596,198.59607442220053,259.6468200683594,67416.47069376019,Fourier
68,1.896600987996479,1.995607217330104,198.8184113204365,260.04144287109375,67621.5468255538,Fourier
69,1.8964463122038993,1.9871862269552174,198.48743903156802,259.6131286621094,67398.97600098593,Fourier
70,1.8965970742570193,1.9837861134487411,196.8897765890867,256.8445129394531,65969.10986871284,Fourier
71,1.8831013319377687,1.9861935906863826,196.12816330441854,255.3602294921875,65208.8481420964,Fourier
72,1.897382619348613,1.972730732285341,197.5596128053303,258.2283020019531,66681.85860259038,Fourier
73,1.8950138621843748,1.9776798545411138,195.62575948617905,254.64381408691406,64843.46719094625,Fourier
74,1.8921573426661744,1.96767530735192,196.01582702238716,255.60488891601562,65333.85947239403,Fourier
75,1.8917510105561093,1.9660808688774847,195.44302177356036,254.62120056152344,64831.95359473892,Fourier
76,1.8924911463966205,1.96391201339945,194.6486573038222,253.2410125732422,64131.006601442634,Fourier
77,1.8882487724996426,1.9620577104826928,196.4243972596877,256.4156494140625,65748.99166381976,Fourier
78,1.8944252220436815,1.9607494032252644,194.6499625009552,253.31532287597656,64168.65130687811,Fourier
79,1.8949363035769606,1.955159800756604,194.02818931049893,252.3598175048828,63685.47530199643,Fourier
80,1.8932748989171075,1.9637734081080283,193.54301187495506,251.22117614746094,63112.08391245325,Fourier
81,1.8995661099261822,1.9644743782444205,193.6677696307043,251.40054321289062,63202.23461661213,Fourier
82,1.8903902615826658,1.9639641826963077,193.10439176160713,250.3755645751953,62687.9202687476,Fourier
83,1.8895154668723317,1.963653280582289,192.59121386868588,249.44998168945312,62225.297886399596,Fourier
84,1.8940332624239045,1.9496414576756071,192.90820182563246,250.5128936767578,62756.70537704977,Fourier
85,1.8812227748423214,1.94948774084626,193.76089093581808,251.99359130859375,63500.76800590957,Fourier
86,1.886344613452728,1.9422982082393923,193.61760833119817,251.9130859375,63460.19776270917,Fourier
87,1.887491110769555,1.9536624902342763,192.59335030986287,249.77264404296875,62386.37331058808,Fourier
88,1.8926788006062083,1.9413397892892337,192.56071352181326,250.12413024902344,62562.079938027426,Fourier
89,1.8903211565503748,1.9664273631952254,191.6238103763418,247.52345275878906,61267.85777923619,Fourier
90,1.8908227792062535,1.9611930699928264,191.33318616532713,247.19256591796875,61104.1682167302,Fourier
91,1.8835858696828984,1.9488921505672336,191.09565393632977,247.2265167236328,61120.95211509877,Fourier
92,1.8838194144296392,1.955058611063469,190.83304669987803,246.4965057373047,60760.52637879986,Fourier
93,1.8928894944069468,1.94309510876495,190.7496943676842,246.7941131591797,60907.33191475175,Fourier
94,1.9040147502188127,1.946175906842908,190.4831444052933,246.20132446289062,60615.09495319093,Fourier
95,1.8889496153781702,1.9496263153808164,190.55788193070939,246.18553161621094,60607.31714344793,Fourier
96,1.8862111515632345,1.9623667508375155,189.90639145547144,244.48304748535156,59771.95855059695,Fourier
97,1.8795380594110078,1.943004270829046,190.50250068550417,246.3257293701172,60676.368700104285,Fourier
98,1.8888108666326302,1.9595333630891425,189.7983236075088,244.39918518066406,59730.965760752304,Fourier
